adress,information,kitchens,number_of_comments,phoneNumber,price,score,special_types_of_diets,titleRestaurant
"Divan Yolu Caddesi No: 27 Fatih, Sultanahmet, İstanbul 34112 Türkiye,İnternet sitesi,Menü","$$-$$$,Akdeniz,Türk,Sağlıklı","Akdeniz, Türk, Sağlıklı, Ortadoğu",593 yorum,+90 538 093 58 85,₺10 - ₺250,"5,0","Vejetaryen Dostu, Vegan Seçenekleri, Helal, Glütensiz Seçenekler",Loti Cafe & Roof Lounge
"Cankurtaran mahallesi Akbıyık Caddesi Adliye sokak no:2, İstanbul 34122 Türkiye,İnternet sitesi","$$-$$$,Uluslararası,Akdeniz,Barbekü","Uluslararası, Akdeniz, Barbekü, Türk, Ortadoğu",261 yorum,+90 532 419 57 47,₺30 - ₺130,"5,0","Vegan Seçenekleri, Helal",Köşk 1981 Cafe & Restaurant
"Piyerloti Caddesi No: 34 Sultanahmet, İstanbul 34126 Türkiye,İnternet sitesi,Menü","$$-$$$,Akdeniz,Avrupa,Türk","Akdeniz, Türk, Avrupa, Sağlıklı, Ortadoğu, Çorbalar",1.125 yorum,+90 212 517 99 29,₺25 - ₺161,"5,0","Vejetaryen Dostu, Vegan Seçenekleri, Helal, Glütensiz Seçenekler",Mivan Restaurant Cafe
"Cankurtaran Mah. Akbıyık Cad. Adliye sok. No:11/A, İstanbul 34122 Türkiye,İnternet sitesi","$$-$$$,İtalyan,Biftek Restoranı,Deniz Mahsülleri","İtalyan, Biftek Restoranı, Deniz Mahsülleri, Akdeniz, Türk, Sağlıklı",770 yorum,+90 531 985 66 21,₺63 - ₺155,"5,0","Vejetaryen Dostu, Vegan Seçenekleri",Divella Bistro Restaurant
"Hocapaşa mah . Darüssaade Sokak No 10 Sirkeci Fatih İstanbul, İstanbul 34110 Türkiye,İnternet sitesi","$$-$$$,Deniz Mahsülleri,Akdeniz,Barbekü","Deniz Mahsülleri, Akdeniz, Barbekü, Türk, Sağlıklı, Mangal",284 yorum,+90 534 280 30 34,₺56 - ₺106,"5,0","Vejetaryen Dostu, Vegan Seçenekleri",Last Ottoman Cafe & Restaurant
"Kutlugun Sokak No:4 Cankurtaran Mah., İstanbul 34122 Türkiye,İnternet sitesi,Menü","$$-$$$,Deniz Mahsülleri,Akdeniz,Türk","Deniz Mahsülleri, Akdeniz, Türk, Sağlıklı, Katalan",582 yorum,+90 212 516 44 01,₺17 - ₺1.700,"5,0","Vejetaryen Dostu, Vegan Seçenekleri, Glütensiz Seçenekler",By Kinyas Restaurant
"küçükayasofya mahhalesi kaleci sokak no 5 Fatih, İstanbul Türkiye,İnternet sitesi,Menü","$$-$$$,Kafe,Deniz Mahsülleri,Akdeniz","Kafe, Deniz Mahsülleri, Akdeniz, Barbekü, Türk, Sağlıklı, Ortadoğu, Orta Asya",1.037 yorum,+90 212 516 16 04,₺56 - ₺106,"5,0","Vejetaryen Dostu, Vegan Seçenekleri, Glütensiz Seçenekler",Three Partners Cafe & Restaurant
"Hocapaşa Mah. Hocapaşa Camii Sok. No: 15/A Fatih-Sirkeci, İstanbul 34110 Türkiye,İnternet sitesi,Menü","$$-$$$,Barbekü,Türk,Sağlıklı","Barbekü, Türk, Sağlıklı, Ortadoğu",1.293 yorum,+90 212 512 11 50,₺30 - ₺50,"5,0","Vejetaryen Dostu, Helal",Ziya Şark Sofrası
"Alemdar Mah. Nuruosmaniye Cad. No: 7 Sultanahmet, İstanbul 34440 Türkiye,İnternet sitesi","$$-$$$,Deniz Mahsülleri,Sağlıklı,Vegan Seçenekleri","Deniz Mahsülleri, Sağlıklı",4.065 yorum,+90 212 513 74 24,₺71 - ₺212,"5,0","Vegan Seçenekleri, Helal, Glütensiz Seçenekler",Buhara Ocakbaşı Restaurant
"Mimar Mehmet Ağa Caddesi No 33/1, İstanbul 34122 Türkiye,İnternet sitesi,Menü","$$-$$$,Deniz Mahsülleri,Akdeniz,Barbekü","Deniz Mahsülleri, Türk, Akdeniz, Barbekü, Sağlıklı",350 yorum,+90 545 807 43 72,₺18 - ₺250,"5,0","Vejetaryen Dostu, Vegan Seçenekleri",Rainbow Fish & Meat Restaurant
"Fatih Sultanahmet Cankurtaran Mah Kutlugün Sk. No:51-4, İstanbul 34122 Türkiye,İnternet sitesi","$$-$$$,Akdeniz,Vejetaryen Dostu,Vegan Seçenekleri",Akdeniz,400 yorum,+90 536 406 73 90,₺40 - ₺120,"5,0","Vejetaryen Dostu, Vegan Seçenekleri",Ottoman terrace fish & meat
"Hüseyinağa Mahallesi, İstiklal Cd. No: 62 Beyoğlu, Halep Pasajı, İstanbul 34435 Türkiye,İnternet sitesi,Menü","$$-$$$,Barbekü,Türk,Ortadoğu","Barbekü, Türk, Ortadoğu",268 yorum,+90 541 249 80 13,₺40 - ₺320,"3,5",Helal,Münhasır Döner & Kebap
"Küçük Ayasofya Mahallesi Küçük Ayasofya Medresesi Sok, Hüseyin Medresesi İşhanı No:21, İstanbul 34123 Türkiye,İnternet sitesi,Menü","$$-$$$,Deniz Mahsülleri,Akdeniz,Avrupa","Vejetaryen Dostu, Vegan Seçenekleri, Helal, Glütensiz Seçenekler",521 yorum,+90 534 962 29 86,"Deniz Mahsülleri, Akdeniz, Avrupa, Türk, Sağlıklı, Mangal","5,0","Kahvaltı, Öğle Yemeği, Akşam Yemeği, Brunch, İçecekler",Novas Hagiasophia
"Alemdar, Biçki Yurdu Sk. No 5 Bickiyurdu sk. Divan center No:5, İstanbul 34122 Türkiye,İnternet sitesi","$,Deniz Mahsülleri,Akdeniz,Barbekü","Deniz Mahsülleri, Barbekü, Türk, Ortadoğu, Akdeniz",1.109 yorum,+90 537 982 73 95,₺50 - ₺95,"5,0","Vejetaryen Dostu, Vegan Seçenekleri, Helal, Glütensiz Seçenekler",Istanbul Kebab Cafe & Restaurant
"Küçük Ayasofya Mah. Şehit Mehmetpaşa Ykş. No: 9 Fatih, Sultanahmet, İstanbul Türkiye,İnternet sitesi","$$-$$$,Kafe,Akdeniz,Avrupa","Kafe, Akdeniz, Avrupa, Türk, Ortadoğu",571 yorum,+90 535 931 88 17,₺71 - ₺353,"5,0","Vejetaryen Dostu, Vegan Seçenekleri, Helal, Kosher, Glütensiz Seçenekler",Myterrace Cafe & Restaurant
"Alemdar, Çatalçeşme Sk. NO19/1A Fatih, İstanbul 34410 Türkiye,İnternet sitesi","$$-$$$,Biftek Restoranı,Deniz Mahsülleri,Akdeniz","Deniz Mahsülleri, Barbekü, Türk, Biftek Restoranı, Akdeniz, Sağlıklı, Ortadoğu",1.293 yorum,+90 541 658 77 44,₺35 - ₺106,"5,0","Vejetaryen Dostu, Vegan Seçenekleri, Helal, Glütensiz Seçenekler",Saltanat Balık ve Kebap Evi
"Küçük Ayasofya Mahallesi Mustafapaşa Sk No 18 Sultanahmet, İstanbul 34120 Türkiye,İnternet sitesi","$$-$$$,Deniz Mahsülleri,Akdeniz,Türk","Deniz Mahsülleri, Akdeniz, Türk",1.101 yorum,+90 506 781 61 21,₺30 - ₺90,"5,0","Vejetaryen Dostu, Helal",La Romantica  Turkish  Kitchen
"Seyit hasan sokak no:8 Cankurtaran mah., İstanbul 34000 Türkiye,İnternet sitesi","$$-$$$,Deniz Mahsülleri,Uluslararası,Akdeniz","Deniz Mahsülleri, Akdeniz, Barbekü, Türk, Uluslararası",208 yorum,+90 212 518 72 67,₺50 - ₺130,"5,0","Kahvaltı, Öğle Yemeği, Akşam Yemeği, Brunch, Gece Eğlencesi, İçecekler",En La Luna Terrace
"Binbirdirek, Peykhane Cd. no 16 Sultanahmet binbirdirek, İstanbul 34122 Türkiye,İnternet sitesi,Menü","$$-$$$,Biftek Restoranı,Deniz Mahsülleri,Barbekü","Biftek Restoranı, Deniz Mahsülleri, Barbekü, Türk, Füzyon",1.112 yorum,+90 532 349 02 38,₺71 - ₺176,"5,0","Vejetaryen Dostu, Vegan Seçenekleri, Helal, Glütensiz Seçenekler",Garden Mezze
"Binbirdirek mah peykhane sokak no:18 Fatih İstanbul, İstanbul 34122 Türkiye,İnternet sitesi","$,Akdeniz,Barbekü,Avrupa","Akdeniz, Türk, Sağlıklı, Barbekü, Avrupa",120 yorum,+90 532 067 48 13,₺22 - ₺55,"5,0","Öğle Yemeği, Akşam Yemeği",Hidden Garden
"AlayKöşkü Cad. No: 22, İstanbul 34110 Türkiye,İnternet sitesi","$$-$$$,Deniz Mahsülleri,Uluslararası,Akdeniz","Deniz Mahsülleri, Akdeniz, Barbekü, Türk, Ortadoğu, Sağlıklı, Uluslararası",3.014 yorum,+90 542 433 66 52,₺71 - ₺141,"5,0","Vejetaryen Dostu, Vegan Seçenekleri, Helal, Glütensiz Seçenekler",Gülhane Şark Sofrası
"Binbirdirek Mahallesi, Klodfarer Caddesi No: 29/E Fatih, İstanbul 34122 Türkiye,İnternet sitesi,Menü","$$-$$$,Akdeniz,Avrupa,Türk","Akdeniz, Avrupa, Türk, Sağlıklı, Ortadoğu",1.765 yorum,+90 544 288 32 12,₺99 - ₺155,"5,0","Vejetaryen Dostu, Vegan Seçenekleri, Helal, Glütensiz Seçenekler",Erhan Restaurant
"Sultanahmet bab-i ali cad. basmuhasip sok. no :13.34110 On The Top Of Great Fortune Hotel Terrace, İstanbul 34093 Türkiye,İnternet sitesi,Menü","$$-$$$,Biftek Restoranı,Deniz Mahsülleri,Akdeniz","Biftek Restoranı, Akdeniz, Barbekü, Türk, Deniz Mahsülleri",641 yorum,+90 212 520 71 32,₺25 - ₺220,"5,0","Vejetaryen Dostu, Vegan Seçenekleri, Glütensiz Seçenekler",Yakamoz Terrace Cafe Restaurant
"alemdar mah. çatalçeşme sokak no:5/A Fatih/istanbul, İstanbul 34110 Türkiye,İnternet sitesi,Menü","$$-$$$,Uluslararası,Türk","Uluslararası, Türk",102 yorum,+90 212 526 46 46,₺50 - ₺120,"5,0","Kahvaltı, Öğle Yemeği, Akşam Yemeği, Brunch, Gece Eğlencesi, İçecekler",Las Tapas Restaurant
"Sehit Mehmet Paşa Sokak No:5 Inside Of Garden House Hotel, İstanbul 34122 Türkiye,İnternet sitesi,Menü","$,Akdeniz,Barbekü,Türk","Türk, Akdeniz, Barbekü, Füzyon",332 yorum,+90 530 186 23 59,₺18 - ₺250,"5,0","Vejetaryen Dostu, Vegan Seçenekleri",Garden 1897 Restaurant
"Buyuk komurcu sokak no 6 Muhsinehatun Mahallesi fatih, İstanbul 34093 Türkiye,İnternet sitesi","$$-$$$,Deniz Mahsülleri,Vejetaryen Dostu",Deniz Mahsülleri,212 yorum,+90 530 953 79 21,₺55 - ₺95,"5,0",Vejetaryen Dostu,Kumkapi Kosem Fish Restaurant
"Hocapaşa Mah. Hocapaşa Camii Sok. No:2/B Sirkeci-Fatih, İstanbul Türkiye,İnternet sitesi","$$-$$$,Barbekü,Türk,Mangal","Türk, Mangal, Ortadoğu, Barbekü, Sağlıklı",2.444 yorum,+90 212 513 77 63,₺35 - ₺141,"5,0","Vejetaryen Dostu, Helal",Bitlisli
"Vidinli Tevfik Pasa Cad. No:14 Balabanağa Mahallesi, İstanbul 34134 Türkiye,İnternet sitesi,Menü","$,Biftek Restoranı,Bar,Avrupa","Biftek Restoranı, Bar, Avrupa, Türk, Sağlıklı",1.584 yorum,+90 533 149 22 72,₺30 - ₺80,"5,0","Vejetaryen Dostu, Vegan Seçenekleri, Glütensiz Seçenekler",Lotiz Lounge & Hookah
"Eski Vapur Iskelesi Sokak no:17 Right across Ortaköy Pier, İstanbul 34330 Türkiye,İnternet sitesi,Menü","$,Avrupa,Türk,Mangal","Avrupa, Türk, Mangal, Sağlıklı",13 yorum,+90 545 660 20 50,₺15 - ₺60,"3,5","Öğle Yemeği, Akşam Yemeği",Hobo Istanbul
"Ordu Caddesi, Yesil Tulumba Sok, No.9/1 Laleli / Fatih, İstanbul 34134 Türkiye,İnternet sitesi,Menü","$$-$$$,İtalyan,Çin,Biftek Restoranı","İtalyan, Biftek Restoranı, Çin, Deniz Mahsülleri, Barbekü, Türk, Sağlıklı, Orta Avrupa, Napoli, Emilia, Campania, Sicilya, Lombard, Liguria, Kuzey İtalya, Güney İtalya",1.026 yorum,+90 212 522 74 96,₺49 - ₺141,"5,0","Vejetaryen Dostu, Vegan Seçenekleri, Helal, Glütensiz Seçenekler",Byzantion Bistro Restaurant
"Kordonboyu Mahallesi, Rıhtım Caddesi. D:No.:19 Kartal, İstanbul 34860 Türkiye,İnternet sitesi,Menü","$,Kafe,Akdeniz,Barbekü","Türk, Kafe, Akdeniz, Barbekü, Mangal",131 yorum,+90 216 488 57 60,₺5 - ₺65,"5,0","Kahvaltı, Öğle Yemeği, Akşam Yemeği, Brunch, İçecekler",Alır Cafe Restaurant
"Kadirga Liman Caddesi, Cami Sokak No:7 Küçük Ayasofya mahallesi, İstanbul 34122 Türkiye,İnternet sitesi","$$-$$$,Deniz Mahsülleri,Akdeniz,Barbekü","Deniz Mahsülleri, Akdeniz, Barbekü, Türk, Ortadoğu",1.083 yorum,+90 536 764 92 64,₺17 - ₺150,"5,0","Vejetaryen Dostu, Vegan Seçenekleri, Helal, Glütensiz Seçenekler",Istanbul Anatolian Cuisine
"Balabanağa Mahallesi, Büyükreşitpaşa Caddesi, No 10 Vezneciler Metro Durağı, İstanbul 34134 Türkiye,İnternet sitesi","$$-$$$,Deniz Mahsülleri,Akdeniz,Barbekü","Deniz Mahsülleri, Akdeniz, Türk, Barbekü, Sağlıklı, Ortadoğu",106 yorum,+90 530 600 47 55,₺14 - ₺388,"5,0","Vejetaryen Dostu, Vegan Seçenekleri",Behzadem Cafe & Restaurant
"Cankurtaran Mahallesi, Tevkifhane Sokak No: 12 Fatih, Turk Art Hotel, Four Seasons Hotel Karşısı, İstanbul 34122 Türkiye,İnternet sitesi,Menü","$$-$$$,Deniz Mahsülleri,Türk,Vejetaryen Dostu","Türk, Deniz Mahsülleri",1.638 yorum,+90 530 562 44 21,₺21 - ₺600,"5,0","Vejetaryen Dostu, Vegan Seçenekleri, Helal, Glütensiz Seçenekler",Turk Art Terrace Restaurant
"Akbıyık Caddesi no 34 Cankurtaran Mah, İstanbul 34122 Türkiye,İnternet sitesi","$$-$$$,Uluslararası,Türk,Vejetaryen Dostu","Uluslararası, Türk",175 yorum,+90 535 920 31 51,₺10 - ₺70,"5,0","Vejetaryen Dostu, Vegan Seçenekleri, Helal, Glütensiz Seçenekler",Mitani Cafe & FUN PUB
"Ticarethane Sokak No 39/42 Alemdar mahhalesi, İstanbul 34120 Türkiye,İnternet sitesi,Menü","$$-$$$,Deniz Mahsülleri,Akdeniz,Barbekü","Deniz Mahsülleri, Akdeniz, Barbekü, Türk, Mangal",928 yorum,+90 537 835 75 00,₺63 - ₺134,"5,0","Vejetaryen Dostu, Vegan Seçenekleri, Helal",Vamos Estambul Cafe & Restaurant
"İbn-i Kemal Sokak, No 20, Fatih, İstanbul 34110 Türkiye,İnternet sitesi,Menü","$$-$$$,Uluslararası,Akdeniz,Barbekü","Vejetaryen Dostu, Vegan Seçenekleri, Helal, Glütensiz Seçenekler",806 yorum,+90 538 580 40 70,"Uluslararası, Türk, Akdeniz, Barbekü, Avrupa, Ortadoğu, Doğu Avrupa, Mangal","5,0","Kahvaltı, Öğle Yemeği, Akşam Yemeği, Brunch, Gece Eğlencesi, İçecekler",Viva Restaurant
"Yerebatan Cad. No: 37 Sultanahmet, Adamar Hotel, İstanbul 34110 Türkiye,İnternet sitesi,Menü","$$-$$$,Akdeniz,Avrupa,Türk","Vejetaryen Dostu, Vegan Seçenekleri, Helal, Glütensiz Seçenekler",1.119 yorum,+90 212 511 19 36,"Akdeniz, Avrupa, Türk","4,5","Kahvaltı, Öğle Yemeği, Akşam Yemeği, Brunch, Gece Eğlencesi",Panoramic Restaurant
"Yerebatan Cad. No:18 Sultanahmet, İstanbul 34110 Türkiye,İnternet sitesi,Menü","$$-$$$,Biftek Restoranı,Bar,Vejetaryen Dostu",Biftek Restoranı,1.025 yorum,+90 532 777 45 57,₺85 - ₺212,"4,5","Vejetaryen Dostu, Vegan Seçenekleri, Helal, Glütensiz Seçenekler",360 Panorama Cihannüma Restaurant
"Çatalçeşme Sk. 27 C Alemdar Mh., İstanbul 34110 Türkiye,İnternet sitesi","$$-$$$,Akdeniz,Türk,Ortadoğu","Türk, Ortadoğu, Akdeniz",166 yorum,+90 533 022 35 62,₺20 - ₺62,"5,0","Vejetaryen Dostu, Vegan Seçenekleri, Helal, Glütensiz Seçenekler",Otantik Kebab
"Hüdavendigar Caddesi, Erdoğan Sok. No: 14 - 16 Gülhane, Hotel Adora, İstanbul 34110 Türkiye,İnternet sitesi","$$-$$$,Akdeniz,Avrupa,Türk","Akdeniz, Avrupa, Türk, Ortadoğu",531 yorum,+90 212 527 49 49,₺34 - ₺297,"4,5","Vejetaryen Dostu, Vegan Seçenekleri, Helal, Glütensiz Seçenekler",Adora Restaurant
"Kutlu Gün Sk. No:49, İstanbul 34122 Türkiye,İnternet sitesi","$$-$$$,Deniz Mahsülleri,Vejetaryen Dostu",Deniz Mahsülleri,671 yorum,+90 534 263 98 46,₺49 - ₺120,"5,0",Vejetaryen Dostu,Sultanahmet Ottoman Fish Terrace House
"Ebu Suud Cad. No:18, İstanbul 34110 Türkiye,İnternet sitesi,Menü","$$-$$$,Akdeniz,Avrupa,Türk","Akdeniz, Avrupa, Türk, Sağlıklı, Ortadoğu",3.184 yorum,+90 212 528 13 43,₺17 - ₺199,"5,0","Vejetaryen Dostu, Vegan Seçenekleri, Helal, Glütensiz Seçenekler",Olive Anatolian Restaurant
"Kürekçiler Sok. No: 12 Arap Camii Mah., İstanbul 34100 Türkiye,İnternet sitesi,Menü","$,Barbekü,Türk,Mangal","Barbekü, Türk, Mangal",217 yorum,+90 212 249 23 04,₺60 - ₺120,"5,0","Vejetaryen Dostu, Vegan Seçenekleri, Helal, Glütensiz Seçenekler",Rakofoli
"Cankurtaran Mahallesi, Akbıyık Cad. No: 23 Sultanahmet, İstanbul 34122 Türkiye,İnternet sitesi,Menü","$$-$$$,Uluslararası,Akdeniz,Avrupa","Akdeniz, Avrupa, Türk, Ortadoğu, Uluslararası",1.179 yorum,+90 212 518 76 22,₺3 - ₺22,"5,0","Vejetaryen Dostu, Vegan Seçenekleri, Helal, Glütensiz Seçenekler",Magnaura Cafe & Restaurant
"Binbirdirek Mah. Binbirdirek Meydanı Sok.  No:1 Sultanahmet, Deluxe Golden Horn Sultanahmet, İstanbul 34400 Türkiye,İnternet sitesi,Menü","$$-$$$,Türk,Ortadoğu,Vejetaryen Dostu","Türk, Ortadoğu",514 yorum,+90 212 518 17 17,₺65 - ₺75,"5,0","Vejetaryen Dostu, Vegan Seçenekleri, Helal, Glütensiz Seçenekler",Deluxe Golden Horn Terrace Restaurant
"Cankurtaran Mah. Yeni Akbıyık Cad. No: 36-38, İstanbul 34122 Türkiye,İnternet sitesi","$$-$$$,Deniz Mahsülleri,Uluslararası,Akdeniz","Deniz Mahsülleri, Uluslararası, Ortadoğu, Akdeniz, Türk",2.330 yorum,+90 212 517 90 31,₺63 - ₺367,"4,5","Vejetaryen Dostu, Vegan Seçenekleri, Helal, Glütensiz Seçenekler",Albura Kathisma
"Divanyolu Cad. Hoca Rüstem Sok. No: 3 Sultanahmet, İstanbul 34110 Türkiye,İnternet sitesi,Menü","$$-$$$,Uluslararası,Türk,Sağlıklı","Vejetaryen Dostu, Vegan Seçenekleri, Helal, Glütensiz Seçenekler",2.407 yorum,+90 212 522 83 56,"Türk, Sağlıklı, Uluslararası","4,5","Kahvaltı, Öğle Yemeği, Akşam Yemeği, Brunch, Gece Eğlencesi",Amedros
"Divanyolu Cad. Alemdar Mah.Ticarethane Sk. No:45 Sultanahmet, İstanbul 34122 Türkiye,İnternet sitesi","$$-$$$,Akdeniz,Avrupa,Türk","Akdeniz, Avrupa, Türk, Ortadoğu",824 yorum,+90 212 513 83 90,₺141 - ₺1.058,"4,5","Vejetaryen Dostu, Vegan Seçenekleri, Helal, Glütensiz Seçenekler",Sura Kebap Restoran
"Sultan Ahmet Mahallesi, Akbıyık Cad. No: 5 Fatih, İstanbul Türkiye,İnternet sitesi","Kafe,Akdeniz,Avrupa,Türk","Kafe, Akdeniz, Avrupa, Türk, Sağlıklı, Ortadoğu",2.159 yorum,+90 212 458 66 41,₺92 - ₺275,"4,5","Vejetaryen Dostu, Vegan Seçenekleri, Helal, Kosher, Glütensiz Seçenekler",Cafe Rumist
"Müeyyedzade Mah. Tatarbeyi Sokak 15/B, İstanbul 34425 Türkiye,İnternet sitesi","$$-$$$,Fransız,Kafe,Akdeniz","Fransız, Akdeniz, Türk, Kafe, Sağlıklı",108 yorum,+90 537 427 90 30,₺20 - ₺48,"5,0","Vejetaryen Dostu, Vegan Seçenekleri",Dükkan Galata
"Conrad Istanbul Cihannuma Mahallesi Besiktas, İstanbul 34353 Türkiye,İnternet sitesi,Menü","$$-$$$,Bar,Uluslararası,Avrupa","Bar, Avrupa, Uluslararası, Çağdaş",264 yorum,+90 212 310 25 25,₺85 - ₺170,"5,0","Vejetaryen Dostu, Glütensiz Seçenekler",Summit Bar and Terrace
"Küçük Ayasofya Mah. Kaleci sok. No:9/101 Kaleci sok. Akburçak Sokağin kesiştiği köşe., İstanbul 34122 Türkiye,İnternet sitesi","$$-$$$,Kafe,Akdeniz,Avrupa","Kafe, Akdeniz, Avrupa, Türk, Sağlıklı",340 yorum,+90 212 638 44 80,₺15 - ₺25,"5,0","Vegan Seçenekleri, Helal, Glütensiz Seçenekler",mitara cafe & art
"Utangaç Sokak No: 23/A Cankurtaran Mah., İstanbul 34000 Türkiye,İnternet sitesi","$$-$$$,Deniz Mahsülleri,Türk,Füzyon","Deniz Mahsülleri, Türk, Füzyon",2.040 yorum,+90 212 516 66 61,₺35 - ₺176,"5,0","Vejetaryen Dostu, Vegan Seçenekleri, Helal, Kosher, Glütensiz Seçenekler",Old House Restaurant
"Hoca Paşa Mah. İbn-i Kemal Cad. No: 13 Fatih,Sirkeci, İstanbul 34112 Türkiye,İnternet sitesi","$$-$$$,Akdeniz,Türk,Sağlıklı","Akdeniz, Türk, Sağlıklı",1.435 yorum,+90 212 522 34 21,₺14 - ₺25,"5,0","Vejetaryen Dostu, Vegan Seçenekleri, Helal, Glütensiz Seçenekler",Constantine's Ark
"Alemdar Mahallesi, Şeftali Sokak, Numara:10 Sultanahmet, İstanbul 34110 Türkiye,İnternet sitesi,Menü","$$-$$$,Biftek Restoranı,İspanyol,Türk","Biftek Restoranı, İspanyol, Türk, Ortadoğu",343 yorum,+90 212 511 30 17,₺5 - ₺300,"5,0",Vejetaryen Dostu,Nars Brasserie
"Cankurtaran Mahallesi Akbıyık Caddesi No 81 Sultanahmet Fatih, İstanbul 34122 Türkiye,İnternet sitesi,Menü","$$-$$$,Deniz Mahsülleri,Akdeniz,Barbekü","Akdeniz, Türk, Şarap Barı, Ortadoğu, Yemekli barlar, Deniz Mahsülleri, Barbekü",69 yorum,+90 541 941 89 77,₺42 - ₺114,"5,0","Öğle Yemeği, Akşam Yemeği, Brunch, Gece Eğlencesi, İçecekler",İstanbul Turkish Restaurant
"Kameriye Sk. No:7 Hüseyinaga Mahallesi, İstanbul 34435 Türkiye,İnternet sitesi,Menü","$$-$$$,Akdeniz,Barbekü,Türk","Barbekü, Türk, Ortadoğu, Akdeniz, Mangal",225 yorum,+90 212 244 64 60,₺212 - ₺705,"4,5","Vejetaryen Dostu, Helal",Babel Ocakbaşı Nevizade
"Çakmaktaşı Sk No :5 Sultanahmet, İstanbul 34000 Türkiye,İnternet sitesi","$$-$$$,Deniz Mahsülleri,Akdeniz,Barbekü","Barbekü, Türk, Deniz Mahsülleri, Akdeniz",274 yorum,+90 212 514 88 99,₺20 - ₺70,"4,5","Vejetaryen Dostu, Vegan Seçenekleri, Glütensiz Seçenekler",El Pescador Restaurant
"Yerbatan Cad. No: 23 Sultanahmet, Kybele Hotel, İstanbul 34110 Türkiye,İnternet sitesi","$$-$$$,Akdeniz,Avrupa,Türk","Vejetaryen Dostu, Vegan Seçenekleri, Helal, Glütensiz Seçenekler",975 yorum,+90 212 511 77 66,"Akdeniz, Avrupa, Türk, Ortadoğu","4,5","Kahvaltı, Öğle Yemeği, Akşam Yemeği, Brunch, Gece Eğlencesi",Kybele Restaurant
"Tatarbeyi Street No: 9/B, İstanbul 34425 Türkiye,İnternet sitesi","$,Akdeniz,Türk,Sağlıklı","Vejetaryen Dostu, Vegan Seçenekleri, Helal, Glütensiz Seçenekler",402 yorum,+90 212 252 20 22,"Akdeniz, Türk, Sağlıklı, Ortadoğu","4,5","Öğle Yemeği, Akşam Yemeği, İçecekler",Galata Kitchen
"İncili Çavuş Sok. No: 15A Sultanahmet, İstanbul 34110 Türkiye,İnternet sitesi","$$-$$$,Vejetaryen Dostu,Vegan Seçenekleri,Helal","Vejetaryen Dostu, Vegan Seçenekleri, Helal, Glütensiz Seçenekler",1.853 yorum,+90 537 426 96 05,₺45 - ₺115,"4,5","İçecekler, Kahvaltı, Öğle Yemeği, Akşam Yemeği, Brunch",Fuego Restaurant
"Hamidiye Caddesi No 4 Sirkeci Fatih 15 Mt To Sirkeci Tram Station, İstanbul 34000 Türkiye,İnternet sitesi","$$-$$$,Barbekü,Türk,Mangal","Barbekü, Türk, Sağlıklı, Çorbalar, Mangal",293 yorum,+90 212 522 99 11,₺8 - ₺75,"4,5","Vejetaryen Dostu, Vegan Seçenekleri, Kosher, Helal",Maranda Döner
"Asmalı Mescit Mah.  Meşrutiyet Cad. No: 107/F Beyoğlu, İstanbul 34430 Türkiye,İnternet sitesi,Menü","$$-$$$,Akdeniz,Türk,Sağlıklı","Akdeniz, Türk, Sağlıklı, Ortadoğu",439 yorum,+90 212 243 26 33,₺106 - ₺247,"4,5","Vejetaryen Dostu, Vegan Seçenekleri, Glütensiz Seçenekler",Aheste
"Mustafa Paşa Sk. No: 42 Sultanahmet, İstanbul 34122 Türkiye,İnternet sitesi","$$-$$$,İtalyan,Akdeniz,Avrupa","Vejetaryen Dostu, Vegan Seçenekleri, Glütensiz Seçenekler",470 yorum,+90 212 517 58 19,"İtalyan, Akdeniz, Avrupa","4,5","Öğle Yemeği, Akşam Yemeği, Gece Eğlencesi",Nostra Casa
"Cankurtaran Mahallesi, Akbıyık Cad. No: 26 Fatih, İstanbul 34400 Türkiye,İnternet sitesi","$$-$$$,Pizza,Deniz Mahsülleri,Uluslararası","Pizza, Deniz Mahsülleri, Türk, Ortadoğu, Uluslararası",86 yorum,+90 541 904 34 73,₺18 - ₺170,"5,0","Vejetaryen Dostu, Vegan Seçenekleri, Helal, Kosher, Glütensiz Seçenekler",Shadow Kitchen & Bar
"Ticarethane Sok. No: 13 Sultanahmet, İstanbul 34110 Türkiye,İnternet sitesi,Menü","$$-$$$,Türk,Vejetaryen Dostu,Vegan Seçenekleri",Türk,537 yorum,+90 212 514 39 16,₺49 - ₺180,"5,0","Vejetaryen Dostu, Vegan Seçenekleri, Helal, Glütensiz Seçenekler",N Terrace
"Cihangir Mahallesi, Soğancı Sk. No: 3 Beyoğlu, Kat 5, İstanbul 34433 Türkiye,İnternet sitesi,Menü","$$-$$$,Uluslararası,Akdeniz,Türk","Akdeniz, Türk, Uluslararası",1.191 yorum,+90 212 293 37 74,₺176 - ₺459,"4,5","Vejetaryen Dostu, Vegan Seçenekleri, Glütensiz Seçenekler",5. Kat Restaurant & Cafe Bar
"Binbirdirek Mah., Su Terazisi Sok. No:9, İstanbul Türkiye,İnternet sitesi","$$-$$$,İtalyan,Pizza,Avrupa","İtalyan, Pizza, Avrupa, Türk",845 yorum,+90 212 516 44 47,₺71 - ₺141,"4,5","Vejetaryen Dostu, Vegan Seçenekleri, Glütensiz Seçenekler",Ozi Pizza and Pasta
"Kennedy Caddesi Sahilyolu No:38/1 Eminönü, İstanbul 34122 Türkiye,İnternet sitesi,Menü","$$$$,Deniz Mahsülleri,Akdeniz,Avrupa","Vejetaryen Dostu, Vegan Seçenekleri, Helal, Glütensiz Seçenekler",888 yorum,+90 212 517 53 02,"Deniz Mahsülleri, Akdeniz, Avrupa, Türk","4,5","Öğle Yemeği, Akşam Yemeği, Brunch",Sur Balık Sarayburnu
"Ebusuud Caddesi, Mehmet Murat Sokak No: 4 Sirkeci, İstanbul 34110 Türkiye,İnternet sitesi","$$-$$$,Akdeniz,Avrupa,Türk","Akdeniz, Avrupa, Türk",314 yorum,+90 212 528 13 42,₺68 - ₺255,"4,5","Vejetaryen Dostu, Vegan Seçenekleri, Glütensiz Seçenekler",Sultania Restaurant
"Kucuk Ayasofya Mah. Kadirda Limani Cad. No: 147/1, İstanbul 34122 Türkiye,İnternet sitesi","$,Bar,Uluslararası,Bar","Bar, Uluslararası, Bar",240 yorum,+90 534 707 88 88,₺25 - ₺102,"4,5",Vejetaryen Dostu,Reggae BR
"Binbirdirek Mah. Su Terazisi Sok. No: 11/A Fatih, İstanbul 34122 Türkiye,İnternet sitesi","$$-$$$,Pizza,Akdeniz,Avrupa","Pizza, Akdeniz, Avrupa, Türk, Ortadoğu",458 yorum,+90 212 458 35 36,₺10 - ₺75,"4,5","Vejetaryen Dostu, Vegan Seçenekleri, Helal, Glütensiz Seçenekler",Sokullu Pizza & Restaurant
"Akbiyik Caddesi Number :11 Sultanahmet, İstanbul 34122 Türkiye,İnternet sitesi,Menü","$$-$$$,Uluslararası,Akdeniz,Avrupa","Avrupa, Türk, Uluslararası, Akdeniz",1.082 yorum,+90 212 518 45 18,₺42 - ₺423,"4,5","Vejetaryen Dostu, Glütensiz Seçenekler",Tria Elegance Restaurant
"15 Mim Kemal Oke Street Nisantasi, İstanbul Türkiye,İnternet sitesi,Menü","$$-$$$,İtalyan,Bar,Akdeniz","İtalyan, Bar, Avrupa, Akdeniz",216 yorum,+90 212 291 57 23,₺106 - ₺423,"4,5","Vejetaryen Dostu, Vegan Seçenekleri, Glütensiz Seçenekler",Juno
"Prof. K. İsmail Gürkan Caddesi No: 14 Sultanahmet, İstanbul 34400 Türkiye,İnternet sitesi","$$-$$$,Deniz Mahsülleri,Akdeniz,Türk","Vejetaryen Dostu, Vegan Seçenekleri, Helal, Glütensiz Seçenekler",1.950 yorum,+90 541 859 89 50,"Deniz Mahsülleri, Akdeniz, Türk","4,5","Öğle Yemeği, Akşam Yemeği, Gece Eğlencesi",Sultanahmet Fish House
"Hudavendigar Street No: 28-30/B, İstanbul 34210 Türkiye,İnternet sitesi,Menü","$$-$$$,Bar,Avrupa,Türk","Bar, Avrupa, Türk, Bar",899 yorum,+90 212 513 73 10,₺71 - ₺106,"4,5","Vejetaryen Dostu, Vegan Seçenekleri, Helal, Glütensiz Seçenekler",Red River Pub
"Emirhan Caddesi No 74 Dikilitaş Garanti Bankası Yanı, İstanbul 34349 Türkiye,İnternet sitesi","$$-$$$,Kafe,Türk,Vejetaryen Dostu","Kafe, Türk",145 yorum,+90 212 212 59 59,₺14 - ₺87,"5,0","Vejetaryen Dostu, Vegan Seçenekleri, Helal",Gönenli Peynircmm Dikilitaş
"Soğukçeşme Sok. Ayasofya Konakları No:26 Sultanahmet, İstanbul 34122 Türkiye,İnternet sitesi,Menü","$$$$,Avrupa,Türk,Vejetaryen Dostu",Vejetaryen Dostu,436 yorum,+90 530 066 10 71,"Avrupa, Türk","4,0","Öğle Yemeği, Akşam Yemeği, Gece Eğlencesi",Sarnıç Restaurant
"Divanyolu Cad. Hoca Rustem Sokak No: 10/A Sultanahmet, İstanbul Türkiye,İnternet sitesi","$$-$$$,Akdeniz,Avrupa,Türk","Vejetaryen Dostu, Vegan Seçenekleri, Helal, Glütensiz Seçenekler",927 yorum,+90 212 512 69 42,"Akdeniz, Avrupa, Türk, Ortadoğu","4,5","Kahvaltı, Öğle Yemeği, Akşam Yemeği, Brunch, Gece Eğlencesi, İçecekler",Sirevi Restaurant
"Taya Hatun Sok. No. 5, İstanbul 34120 Türkiye,İnternet sitesi","$$-$$$,Deniz Mahsülleri,Akdeniz,Avrupa","Türk, Çorbalar, Deniz Mahsülleri, Akdeniz, Avrupa",537 yorum,+90 212 528 43 44,₺176 - ₺247,"4,5","Vejetaryen Dostu, Glütensiz Seçenekler",Neyzade Restaurant
"İstiklal Cad. Hıdival Palas No:231 K:2 Beyoğlu Merkez, İstanbul Türkiye,İnternet sitesi","$$-$$$,Deniz Mahsülleri,Akdeniz,Türk","Vejetaryen Dostu, Vegan Seçenekleri, Helal, Glütensiz Seçenekler",638 yorum,+90 212 244 90 90,"Deniz Mahsülleri, Akdeniz, Türk, Yunan, Sağlıklı","4,5","Öğle Yemeği, Akşam Yemeği, Gece Eğlencesi",Eleos Restoran
"Bereketzade M Kule Cikmazi 7A Beyoglu, İstanbul 34000 Türkiye,İnternet sitesi","$,Kafe,Türk,Vejetaryen Dostu","Kafe, Türk",400 yorum,+90 543 331 33 39,₺3 - ₺14,"4,5","Vejetaryen Dostu, Vegan Seçenekleri, Helal, Glütensiz Seçenekler",Velvet Cafe
"Hacı Adil Cad. Palmiye Sok. No:1 Levent, Beşiktaş, İstanbul 34330 Türkiye,İnternet sitesi,Menü","$$$$,Akdeniz,Avrupa,Türk","Akdeniz, Avrupa, Türk, Çağdaş",349 yorum,+90 212 280 38 38,₺71 - ₺423,"4,5","Vejetaryen Dostu, Vegan Seçenekleri, Glütensiz Seçenekler",Şans Restaurant
"Meşrutiyet cad No:83 Asmalı Mescit mah. Beyoğlu, İstanbul Türkiye,İnternet sitesi","$$-$$$,Akdeniz,Avrupa,Türk","Vejetaryen Dostu, Vegan Seçenekleri, Glütensiz Seçenekler",1.114 yorum,+90 212 252 83 02,"Akdeniz, Avrupa, Türk, Ortadoğu","4,5","Öğle Yemeği, Akşam Yemeği, Gece Eğlencesi",Meze By Lemon Tree
"Ankara Caddesi No: 73/B Sirkeci, İstanbul Türkiye,İnternet sitesi","$$-$$$,İtalyan,Pizza,Uluslararası","Vejetaryen Dostu, Vegan Seçenekleri, Helal, Glütensiz Seçenekler",419 yorum,+90 212 513 65 35,"İtalyan, Pizza, Avrupa, Türk, Uluslararası","4,5","Kahvaltı, Öğle Yemeği, Akşam Yemeği, Brunch, İçecekler, Gece Eğlencesi",Cafe Esmer Chef
"Kabasakal Cad. Arasta Carsisi No: 117, İstanbul Türkiye,İnternet sitesi","$$-$$$,Kafe,Akdeniz,Türk","Akdeniz, Kafe, Türk, Ortadoğu",769 yorum,+90 212 517 00 04,₺71 - ₺141,"4,5","Vegan Seçenekleri, Helal",Serbethane Cafe&Restaurant
"Boğazkesen Cad. Tomtom Kaptan Sk. No:18 Beyoğlu, İstanbul 34433 Türkiye,İnternet sitesi,Menü","$$$$,Uluslararası,Avrupa,Vejetaryen Dostu","Avrupa, Uluslararası",621 yorum,+90 212 292 44 67,₺467 - ₺595,"4,5","Vejetaryen Dostu, Glütensiz Seçenekler",Nicole
"Mimar Mehmet Aga Caddesi No:16 Fatih, İstanbul 34122 Türkiye,İnternet sitesi","$$-$$$,Kafe,Akdeniz,Avrupa","Vejetaryen Dostu, Vegan Seçenekleri, Helal, Glütensiz Seçenekler",422 yorum,+90 212 458 36 30,"Kafe, Akdeniz, Avrupa, Türk","4,5","Kahvaltı, Öğle Yemeği, Akşam Yemeği, Brunch, Gece Eğlencesi",Sofa Cafe & Restaurant
"Çırağan Cad. No:32 Çırağan Palace Kempinski, İstanbul 34349 Türkiye,İnternet sitesi,Menü","$$$$,Avrupa,Vejetaryen Dostu,Vegan Seçenekleri","Vejetaryen Dostu, Vegan Seçenekleri, Helal, Glütensiz Seçenekler",524 yorum,+90 212 236 73 33,Avrupa,"4,5","Öğle Yemeği, Akşam Yemeği, Gece Eğlencesi",Tuğra Restaurant
"Arpacılar Cd. No:13 Hoybar Mahallesi, İstanbul 34112 Türkiye,İnternet sitesi,Menü","$,Türk,Vejetaryen Dostu,Vegan Seçenekleri",Türk,125 yorum,+90 212 522 03 03,₺7 - ₺65,"4,5","Vejetaryen Dostu, Helal, Vegan Seçenekleri",BirBen Restaurant
"İnönü Caddesi No: 50 Ömer Avni Mahallesi, İstanbul Türkiye,İnternet sitesi,Menü","$$$$,Akdeniz,Avrupa,Türk","Türk, Çağdaş, Akdeniz, Avrupa",746 yorum,+90 212 249 10 01,₺176 - ₺705,"4,5","Vejetaryen Dostu, Vegan Seçenekleri, Glütensiz Seçenekler",Rana by Topaz
"Necatibey Caddesi Gumruk Sokak No:4 Karakoy, İstanbul Türkiye,İnternet sitesi","$$-$$$,Akdeniz,Avrupa,Türk","Vejetaryen Dostu, Vegan Seçenekleri, Glütensiz Seçenekler",206 yorum,+90 212 244 22 52,"Akdeniz, Avrupa, Türk","4,5","Öğle Yemeği, Akşam Yemeği, Brunch",Karaköy Gümrük
"Yerebatan Caddesi No 13 Alemdar Mahallesi, İstanbul 34093 Türkiye,İnternet sitesi","$$$$,İtalyan,Meksika,Akdeniz","İtalyan, Sağlıklı, Meksika, Akdeniz, Türk",56 yorum,+90 212 522 44 21,₺212 - ₺846,"5,0","Vejetaryen Dostu, Vegan Seçenekleri",Foodie-Ist Cafe Brasserie
"Hüdavendigar Cd. No: 5 Blu Hotel, İstanbul 34110 Türkiye,İnternet sitesi","$$-$$$,Kafe,Akdeniz,Avrupa","Vejetaryen Dostu, Vegan Seçenekleri, Helal, Kosher, Glütensiz Seçenekler",436 yorum,+90 212 514 98 28,"Kafe, Avrupa, Türk, Ortadoğu, Akdeniz","4,5","Kahvaltı, Öğle Yemeği, Akşam Yemeği, Brunch, Gece Eğlencesi",Blu Kitchen
"Ticarethane Sk., İstanbul 34 Türkiye,İnternet sitesi,Menü","$$-$$$,Bar,Kafe,Türk","Vejetaryen Dostu, Vegan Seçenekleri, Helal, Glütensiz Seçenekler",705 yorum,+90 212 522 29 30,"Bar, Kafe, Türk, Sağlıklı","5,0","Kahvaltı, Öğle Yemeği, Akşam Yemeği, Brunch, Gece Eğlencesi, İçecekler",Harab'be cafe
"Kılıçali Paşa Mah. Akarsu Yokusu Cad. No: 36 - 36A Kat: 7, İstanbul Türkiye,İnternet sitesi,Menü","$$$$,Deniz Mahsülleri,Akdeniz,Avrupa","Vegan Seçenekleri, Vejetaryen Dostu, Glütensiz Seçenekler",338 yorum,+90 212 245 10 87,"Deniz Mahsülleri, Akdeniz, Avrupa, Türk","4,5","Öğle Yemeği, Akşam Yemeği",Sur Balık Cihangir
"Tığcılar Sokak No: 48 Kapalıçarsı / Mercan, İstanbul Türkiye,İnternet sitesi","$$-$$$,Uluslararası,Türk","Uluslararası, Türk",429 yorum,+90 212 522 58 61,₺8 - ₺32,"4,5","Kahvaltı, Öğle Yemeği, Akşam Yemeği, Gece Eğlencesi",Keyf-i Mekan Cafe And Restaurant
"Kariye Camii Sokak No: 6 Edirnekapı, İstanbul 34240 Türkiye,İnternet sitesi,Menü","$$$$,Türk,Sağlıklı,Ortadoğu","Türk, Sağlıklı, Ortadoğu",1.112 yorum,+90 212 635 79 97,₺50 - ₺100,"4,5","Vejetaryen Dostu, Vegan Seçenekleri, Helal, Glütensiz Seçenekler",Asitane
"Asmalımescit Mah. General Yazgan Sok. No: 3 Beyoğlu, İstanbul Türkiye,İnternet sitesi","$$-$$$,Akdeniz,Türk,Ortadoğu","Vejetaryen Dostu, Vegan Seçenekleri, Glütensiz Seçenekler",642 yorum,+90 212 244 08 20,"Akdeniz, Türk, Ortadoğu","4,5","Öğle Yemeği, Akşam Yemeği, Gece Eğlencesi",Antiochia Concept
"Salt Galata  Bankalar Caddesi No 11 Karakoy 34420 Inside Salt Galata Building, İstanbul 34420 Türkiye,İnternet sitesi,Menü","$$$$,Akdeniz,Avrupa,Türk","Akdeniz, Avrupa, Türk, Çağdaş",349 yorum,+90 212 244 00 16,₺120 - ₺350,"4,0","Vejetaryen Dostu, Vegan Seçenekleri",Neolokal
"Şahkulu Mah. Galip Dede Cad. Tımarcı Sok. No:4, İstanbul Türkiye,İnternet sitesi","$$-$$$,Akdeniz,Avrupa,Türk","Akdeniz, Avrupa, Türk",217 yorum,+90 535 476 69 07,₺25 - ₺127,"4,5","Vejetaryen Dostu, Vegan Seçenekleri",Nakka Bistro
"Anadolu Hisarı Mah. Körfez Cad. No: 55, İstanbul Türkiye,İnternet sitesi,Menü","$$$$,Deniz Mahsülleri,Akdeniz,Türk","Vejetaryen Dostu, Vegan Seçenekleri, Helal, Glütensiz Seçenekler",354 yorum,+90 216 460 10 00,"Deniz Mahsülleri, Akdeniz, Türk","4,0","Öğle Yemeği, Akşam Yemeği, Gece Eğlencesi",Uskumru
"Meşrutiyet Cad. No: 51/A Beyoğlu, İstanbul 34443 Türkiye,İnternet sitesi,Menü","$$-$$$,Asya,Tayland,Vejetaryen Dostu","Asya, Tayland",566 yorum,+90 212 292 64 96,₺50 - ₺150,"4,5","Vejetaryen Dostu, Vegan Seçenekleri, Glütensiz Seçenekler",Çok Çok
"Bronz Sokak, No:5 Maçka, İstanbul 34367 Türkiye,İnternet sitesi,Menü","$$-$$$,Akdeniz,Barbekü,Türk","Türk, Akdeniz, Barbekü, Ortadoğu",509 yorum,+90 212 230 38 68,₺100 - ₺180,"4,0","Vejetaryen Dostu, Helal",Nişantaşı Başköşe
"Kemankes Cad. 37/A Karaköy, İstanbul 34425 Türkiye,İnternet sitesi","$$-$$$,Deniz Mahsülleri,Akdeniz,Türk","Deniz Mahsülleri, Akdeniz, Türk",1.206 yorum,+90 212 252 54 22,₺176 - ₺268,"4,0","Vejetaryen Dostu, Vegan Seçenekleri, Glütensiz Seçenekler",Karakoy Lokantasi
"Cankurtaran Mah. Keresteci Hakkı Sokak No: 38/A Sultanahmet, İstanbul 34122 Türkiye,İnternet sitesi","$$-$$$,Deniz Mahsülleri,Akdeniz,Türk","Öğle Yemeği, Akşam Yemeği, Gece Eğlencesi",359 yorum,+90 212 518 49 88,"Deniz Mahsülleri, Akdeniz, Türk","4,0","Rezervasyonlar, Açık Havada Oturma, Oturma, Tekerlekli Sandalye İle Erişim, Alkol Var, Masaya Servis",Ahırkapı Balıkçısı
"Kuruçeşme Mah. Muallim Naci Cad. No:64 D:2 Kuruçeşme, Beşiktaş, İstanbul 34345 Türkiye,İnternet sitesi,Menü","$$$$,Deniz Mahsülleri,Akdeniz,Avrupa","Deniz Mahsülleri, Akdeniz, Avrupa, Türk",373 yorum,+90 212 265 54 80,₺280 - ₺420,"4,5","Vejetaryen Dostu, Glütensiz Seçenekler",Mavi Balık
"Ulus Mahallesi, Ahmet Adnan Saygun Caddesi No: 71/1 Beşiktaş, Ulus Parkı İçi, İstanbul Ulus Türkiye,İnternet sitesi","$$$$,Akdeniz,Avrupa,Türk","Vejetaryen Dostu, Vegan Seçenekleri, Helal, Glütensiz Seçenekler",828 yorum,+90 212 358 29 29,"Akdeniz, Avrupa, Türk, Füzyon","4,5","Öğle Yemeği, Akşam Yemeği, Gece Eğlencesi",Ulus 29
"Miralay Sefikbey Sokak No:9/A AKM'nin 2 alt sokağında., İstanbul 34437 Türkiye,İnternet sitesi","$$-$$$,İtalyan,Pizza,Akdeniz","İtalyan, Pizza, Akdeniz, Avrupa",140 yorum,+90 212 243 98 99,₺35 - ₺200,"4,5","Vejetaryen Dostu, Vegan Seçenekleri, Glütensiz Seçenekler",Fiore Italian Restaurant - Pizzeria
"Vişnezade Mahallesi, Acısu Sok. No: 19 Beşiktaş, Swissotel The Bosphorus, İstanbul 34357 Türkiye,İnternet sitesi,Menü","$$-$$$,Uluslararası,Avrupa,Türk","Vejetaryen Dostu, Vegan Seçenekleri, Glütensiz Seçenekler",88 yorum,+90 212 326 11 00,"Avrupa, Uluslararası, Türk, Orta Avrupa, Orta Asya","5,0","Kahvaltı, Öğle Yemeği, Akşam Yemeği, Brunch",Cafe Swiss
"The Marmara Pera Hotel, Mesrutiyet No 15 Beyoglu, İstanbul 34430 Türkiye,İnternet sitesi,Menü","$$$$,Türk,Çağdaş,Vejetaryen Dostu","Türk, Çağdaş",1.957 yorum,+90 212 293 56 56,₺360 - ₺720,"4,5","Vejetaryen Dostu, Vegan Seçenekleri, Glütensiz Seçenekler",Mikla Restaurant
"Keresteci Hakkı Sokak Armada Otel Yanı Cankurtaran, İstanbul Türkiye,İnternet sitesi","$$-$$$,Deniz Mahsülleri,Akdeniz,Avrupa","Vejetaryen Dostu, Glütensiz Seçenekler",523 yorum,458 2270,"Deniz Mahsülleri, Akdeniz, Avrupa, Türk","4,5","Öğle Yemeği, Akşam Yemeği, Gece Eğlencesi",Giritli İstanbul
"Kucuk Ayasofya Mah Kadirga Liman Cad Camii Sk 5 /A Sultanahmet Fatih, İstanbul 34000 Türkiye,İnternet sitesi","$$-$$$,Deniz Mahsülleri,Uluslararası,Akdeniz","Deniz Mahsülleri, Uluslararası, Akdeniz, Barbekü, Türk",44 yorum,+90 543 799 86 84,₺17 - ₺65,"5,0","Vejetaryen Dostu, Vegan Seçenekleri",Ottoman Palace Kitchen
"General Yazgan Sk No 8 Asmali Mescit Mahallesi, İstanbul 34430 Türkiye,İnternet sitesi,Menü","$$-$$$,İtalyan,Fransız,Akdeniz","İtalyan, Fransız, Akdeniz, Türk",46 yorum,+90 212 252 47 53,₺35 - ₺353,"5,0","Vejetaryen Dostu, Vegan Seçenekleri",Restaurant Mabou
"Cankurtaran Mah. Ahırkapı Sok. No: 24 Fatih, İstanbul 34122 Türkiye,İnternet sitesi,Menü","$$-$$$,Deniz Mahsülleri,Uluslararası,Türk","Vejetaryen Dostu, Glütensiz Seçenekler",327 yorum,+90 212 455 44 55,"Deniz Mahsülleri, Uluslararası, Türk","4,5","Akşam Yemeği, Öğle Yemeği",Armada Terrace Restaurant
"Galata Köprüsü No:6 Eminönü, İstanbul 34500 Türkiye,İnternet sitesi,Menü","$$-$$$,Deniz Mahsülleri,Akdeniz,Avrupa","Vejetaryen Dostu, Vegan Seçenekleri, Glütensiz Seçenekler",895 yorum,+90 212 527 38 89,"Deniz Mahsülleri, Akdeniz, Avrupa, Türk, Çorbalar","4,0","Öğle Yemeği, Akşam Yemeği, Gece Eğlencesi",Yaka Balık Restaurant
"Caferağa Mahallesi, Güneşli Bahçe Sk. No: 43 Kadıköy, İstanbul Türkiye,İnternet sitesi,Menü","$$-$$$,Akdeniz,Türk,Ortadoğu","Akdeniz, Türk, Ortadoğu",2.080 yorum,+90 216 330 31 90,₺35 - ₺141,"4,5","Vejetaryen Dostu, Vegan Seçenekleri, Helal, Glütensiz Seçenekler",Çiya Sofrası
"İstiklal caddesi Orhan Adli Apaydın Sk. No :5/A Asmalı mecid mahallesi, İstanbul 34430 Türkiye,İnternet sitesi","$$-$$$,Türk,Vejetaryen Dostu",Vejetaryen Dostu,151 yorum,+90 212 293 11 39,Türk,"4,5","Akşam Yemeği, Öğle Yemeği, Gece Eğlencesi",Galata Restaurant & Bar
"Akbıyık Caddesi No 48/B Cankurtaran, İstanbul 34122 Türkiye,İnternet sitesi","$$-$$$,Fransız,Hint,Akdeniz","Fransız, Hint, Akdeniz, Barbekü, Avrupa, Türk, Ortadoğu, Kanada, Çorbalar",317 yorum,+90 535 033 63 91,₺85 - ₺170,"4,5","Helal, Vejetaryen Dostu, Vegan Seçenekleri, Glütensiz Seçenekler",Turkuaz Gürme Restaurant
"Felek Sokak No.2 Bereketzade Mah., İstanbul 34421 Türkiye,İnternet sitesi","$$-$$$,Uluslararası,Akdeniz,Barbekü","Barbekü, Türk, Uluslararası, Akdeniz, Ortadoğu",56 yorum,+90 212 512 18 18,₺102 - ₺425,"5,0","Vejetaryen Dostu, Vegan Seçenekleri, Helal",Moise Karakoy
"Firuzağa Mah. Faik Paşa Cad. No: 41-45 Beyoğlu, İstanbul 34425 Türkiye,İnternet sitesi","$$-$$$,Pizza,Kafe,Uluslararası","Türk, Pizza, Kafe, Uluslararası, Çağdaş",85 yorum,+90 212 244 43 43,₺127 - ₺212,"5,0","Vejetaryen Dostu, Vegan Seçenekleri, Helal",Cihangir Faik Paşa Cafe
"Hacı Kucuk Sk. No:19 Sururi Mahallesi, İstanbul 34120 Türkiye,İnternet sitesi,Menü","$,Fast Food,Türk,Ortadoğu","Türk, Fast Food, Ortadoğu",55 yorum,+90 212 522 82 07,₺5 - ₺25,"5,0",Helal,YIldIz Bufe - Since 1967
"Divanyolu Caddesi, Ticarethane Sokak No: 9/A Sultanahmet, İstanbul 34410 Türkiye,İnternet sitesi","$$-$$$,Deniz Mahsülleri,Barbekü,Türk","Deniz Mahsülleri, Barbekü, Türk",559 yorum,+90 212 514 00 29,₺28 - ₺254,"4,5","Vejetaryen Dostu, Vegan Seçenekleri, Helal, Glütensiz Seçenekler",Adonin
"Çengelköy Cad. Üsküdar, İstanbul 34680 Türkiye,İnternet sitesi","$$-$$$,Bar,Kafe,Deniz Mahsülleri","Fast Food, Türk, Bar, Kafe, Deniz Mahsülleri, Akdeniz, Barbekü, Avrupa",80 yorum,+90 216 422 94 95,₺20 - ₺80,"5,0","Vegan Seçenekleri, Glütensiz Seçenekler, Vejetaryen Dostu",Rainbow Cafe & Restaurant
"İstiklal Cad. Turnacıbaşı Sok. No: 4 Beyoğlu, İstanbul 34433 Türkiye,İnternet sitesi","$$-$$$,Türk,Vejetaryen Dostu,Vegan Seçenekleri",Türk,321 yorum,+90 212 245 75 01,₺21 - ₺106,"4,5","Vejetaryen Dostu, Vegan Seçenekleri, Helal, Glütensiz Seçenekler",Hayvore
"Katip Çelebi Mah, 34433   İstiklal Caddesi, No:39 Taksim, İstanbul 34433 Türkiye,İnternet sitesi,Menü","$$-$$$,Akdeniz,Barbekü,Türk","Akdeniz, Barbekü, Türk",721 yorum,+90 212 293 31 31,₺25 - ₺200,"4,0","Vegan Seçenekleri, Helal",Hatay Medeniyetler Sofrasi Taksim
"Çukurcuma Caddesi No: 53/A Beyoğlu, İstanbul 34425 Türkiye,İnternet sitesi","$$-$$$,Kafe,Uluslararası,Akdeniz","Kafe, Uluslararası, Akdeniz, Türk",164 yorum,+90 212 293 20 62,₺35 - ₺106,"4,5","Vejetaryen Dostu, Vegan Seçenekleri, Glütensiz Seçenekler",Cuma
"Şehsuvar Bey Mahallesi, Üstad Sokak No: 3/7 Kumkapı, Fatih, İstanbul 34110 Türkiye,İnternet sitesi,Menü","$$-$$$,Deniz Mahsülleri,Akdeniz,Avrupa",Helal,161 yorum,+90 212 458 22 00,"Deniz Mahsülleri, Akdeniz, Türk, Avrupa","4,5","Akşam Yemeği, Öğle Yemeği, İçecekler",Kumkapı Tiryakii
"Şair Nedim Cad. Akaretler 33/A Vişnezade Mah., İstanbul 34357 Türkiye,İnternet sitesi","$,Biftek Restoranı,Bar,Barbekü","Biftek Restoranı, Bar, Barbekü, Güney Amerika",52 yorum,+90 850 255 1378,₺15 - ₺80,"5,0","Öğle Yemeği, Akşam Yemeği, Gece Eğlencesi, İçecekler",Just BBQ
"Sinanpaşa Mah, Hayrettin İskelesi Sok. No: 1 Beşiktaş, İstanbul 34353 Türkiye,İnternet sitesi,Menü","$$$$,Suşi,Türk,Vejetaryen Dostu","Suşi, Türk",160 yorum,+90 212 275 88 88,₺170 - ₺340,"4,5","Vejetaryen Dostu, Vegan Seçenekleri, Helal, Glütensiz Seçenekler",Ist Too
"Nispetiye Caddesi No: 28 Etiler, İstanbul Türkiye,İnternet sitesi","$$-$$$,Türk,Vejetaryen Dostu,Vegan Seçenekleri","Helal, Vejetaryen Dostu, Vegan Seçenekleri",210 yorum,+90 532 295 72 95,Türk,"5,0","Öğle Yemeği, Akşam Yemeği",İkonium Etiler
"İcadiye Cad. İnci Çayırlı Sok.  No:2 Kuzguncuk Mah., İstanbul 34674 Türkiye,İnternet sitesi","$$-$$$,Türk,Lokanta,Helal","Türk, Lokanta",129 yorum,+90 216 553 33 33,₺226 - ₺261,"4,5",Helal,Metet Kozde Doner
"Cumhuriyet Caddesi No:31 | A Elmadag / TAKSİM, İstanbul 34373 Türkiye,İnternet sitesi,Menü","$$-$$$,İtalyan,Pizza,Akdeniz","İtalyan, Pizza, Akdeniz, Avrupa, Türk",484 yorum,+90 212 297 60 77,₺71 - ₺212,"4,0","Vejetaryen Dostu, Vegan Seçenekleri, Helal, Glütensiz Seçenekler",Faros Restaurant Taksim
"Manastır Mevkii, Cafer Sokak No: 18 Tuzla, İstanbul Türkiye,İnternet sitesi","$$$$,Deniz Mahsülleri,Akdeniz,Türk","Öğle Yemeği, Akşam Yemeği, Gece Eğlencesi",162 yorum,+90 216 395 58 95,"Deniz Mahsülleri, Akdeniz, Türk","4,5","Rezervasyonlar, Açık Havada Oturma, Oturma, Otopark Var, Vale Otopark, Tekerlekli Sandalye İle Erişim, Alkol Var, Ücretsiz Wifi, Masaya Servis, İndirimli Park Hizmeti",Angel Mercan
"Küçük Ayasofya Mah. Kadirga Limanı Cad. No: 97 Fatih, İstanbul 34122 Türkiye,İnternet sitesi","$$-$$$,Barbekü,Türk","Barbekü, Türk",35 yorum,+90 212 638 22 66,₺56 - ₺134,"5,0","Akşam Yemeği, Öğle Yemeği, İçecekler",Hagia Sophia Turkish Cuisine
"Yeşilbahçe Sok. No:9 Yeşilköy no: 9 Yesilkoy, İstanbul Türkiye,İnternet sitesi","$$$$,Deniz Mahsülleri,Akdeniz,Yunan","Vejetaryen Dostu, Vegan Seçenekleri, Helal, Glütensiz Seçenekler",256 yorum,(0212) 663 39 11-573 68 28,"Deniz Mahsülleri, Akdeniz, Yunan","4,5","Öğle Yemeği, Akşam Yemeği, Gece Eğlencesi",Eleos
"Korfez Cad. 57/A, İstanbul Türkiye,İnternet sitesi,Menü","$$$$,Deniz Mahsülleri,Akdeniz,Türk","Vejetaryen Dostu, Helal, Glütensiz Seçenekler",587 yorum,413 4224,"Deniz Mahsülleri, Akdeniz, Türk","4,0","Öğle Yemeği, Akşam Yemeği, Brunch, Gece Eğlencesi",Lacivert Restaurant
"Çırağan Cad. No:44 Ortaköy, Beşiktaş, İstanbul 34347 Türkiye,İnternet sitesi,Menü","$$$$,Akdeniz,Avrupa,Türk","Vejetaryen Dostu, Helal, Glütensiz Seçenekler",469 yorum,+90 212 227 22 16,"Akdeniz, Avrupa, Türk","4,0","Kahvaltı, Öğle Yemeği, Akşam Yemeği, Brunch, Gece Eğlencesi, İçecekler",Feriye Palace
"Şenlikköy Mahallesi, Halkalı Caddesi, No:10 Florya, Bakırköy, İstanbul 34153 Türkiye,İnternet sitesi","$$$$,Biftek Restoranı,Barbekü,Şarküteri","Biftek Restoranı, Barbekü, Şarküteri",385 yorum,+90 212 547 01 01,₺71 - ₺1.411,"4,0",Helal,Şazeli Florya
"Tahmis Cad Kalcin Sok No.17 Eminonu, İstanbul 34116 Türkiye,İnternet sitesi,Menü","$$-$$$,Akdeniz,Türk,Ortadoğu","Vejetaryen Dostu, Vegan Seçenekleri, Helal, Glütensiz Seçenekler",4.289 yorum,+90 444 6 463,"Akdeniz, Türk, Ortadoğu","4,0","Öğle Yemeği, Akşam Yemeği, Gece Eğlencesi, İçecekler",Hamdi Restaurant
"İnönü Caddesi No: 22/1 Gümüşsuyu, Beyoğlu, İstanbul Türkiye,İnternet sitesi,Menü","$$-$$$,Akdeniz,Barbekü,Türk","Akdeniz, Barbekü, Türk, Mangal, Ortadoğu",183 yorum,+90 212 293 67 32,₺282 - ₺846,"4,5","Vejetaryen Dostu, Vegan Seçenekleri, Helal, Glütensiz Seçenekler",Ali Ocakbaşı - Gümüşsuyu
"Meşrutiyet Caddesi No:85 Palazzo Donizetti Kat:7 Pera Palazzo Donizeth Hotel Üst Katı, İstanbul 34400 Türkiye,İnternet sitesi,Menü","$$$$,Akdeniz,Türk,Füzyon","Akdeniz, Türk, Füzyon",411 yorum,+90 212 244 01 88,₺80 - ₺120,"4,0","Vejetaryen Dostu, Vegan Seçenekleri, Helal, Glütensiz Seçenekler",Duble Meze Bar Pera
"Çapariz Sokak No: 16/18 Kumkapı, İstanbul 34130 Türkiye,İnternet sitesi,Menü","$$-$$$,Deniz Mahsülleri,Akdeniz,Avrupa","Deniz Mahsülleri, Akdeniz, Avrupa, Türk",75 yorum,+90 212 517 75 30,₺80 - ₺200,"4,5","Öğle Yemeği, Akşam Yemeği, Gece Eğlencesi, İçecekler",Çapari Restaurant
"Suadiye Mahallesi, Bağdat Caddesi No: 455/1-B Kadıköy, İstanbul Türkiye,İnternet sitesi","$$-$$$,Fransız,Biftek Restoranı,Afrika","Fransız, Biftek Restoranı, Afrika, Akdeniz, Avrupa, Türk",85 yorum,+90 216 380 00 05,₺353 - ₺1.411,"4,5","Vejetaryen Dostu, Vegan Seçenekleri",Brasserie Noir
"Halaskargazi Mahallesi, Kuyumcu İrfan Sokak No: 3/B Şişli, İstanbul Türkiye,İnternet sitesi,Menü","$$-$$$,Akdeniz,Avrupa,Vejetaryen Dostu","Avrupa, Akdeniz",110 yorum,+90 212 296 65 90,₺35 - ₺71,"4,5","Vejetaryen Dostu, Vegan Seçenekleri",Cafe Zone
"Arasta Çarşısı No:45 Sultanahmet, İstanbul Türkiye,İnternet sitesi","$$-$$$,Kafe,Türk,Ortadoğu","Vejetaryen Dostu, Helal",538 yorum,+90 212 518 95 62,"Kafe, Türk, Ortadoğu","4,0","Öğle Yemeği, Akşam Yemeği, Brunch, Gece Eğlencesi",Meşale Cafe
"Harbiye Mh. Taşkışla Caddesi No: 1 Grand Hyatt İstanbul, Şişli, İstanbul 34437 Türkiye,İnternet sitesi,Menü","$$$$,Uluslararası,Akdeniz,Avrupa","Avrupa, Uluslararası, Akdeniz, Türk",93 yorum,+90 212 368 11 78,₺56 - ₺212,"4,5","Vejetaryen Dostu, Vegan Seçenekleri, Helal, Glütensiz Seçenekler",34 Restaurant
"Peyami Safa Cad. No:38/D Mahmutbey, Bağcılar, İstanbul 34218 Türkiye,İnternet sitesi,Menü","$$-$$$,Türk,Helal",Türk,135 yorum,+90 212 445 55 05,₺10 - ₺120,"4,5",Helal,Seraf Restaurant
"Atıf Yılmaz Cd. 9/A Huseyinağa Mahallesi, İstanbul 34440 Türkiye,İnternet sitesi,Menü","$$-$$$,Uluslararası,Türk,Sağlıklı","Türk, Uluslararası, Sağlıklı",559 yorum,+90 212 293 85 61,₺85 - ₺155,"4,0","Vejetaryen Dostu, Vegan Seçenekleri, Helal",Haci Abdullah Lokantasi
"Alemdar Mahallesi, Divan Yolu Caddesi, Ticarethane Sokak No: 9/B Sultanahmet, İstanbul 34110 Türkiye,İnternet sitesi","$$-$$$,Deniz Mahsülleri,Akdeniz,Türk","Deniz Mahsülleri, Akdeniz, Türk, Ortadoğu, Arap",95 yorum,+90 539 406 69 79,₺9 - ₺150,"4,5","Vejetaryen Dostu, Vegan Seçenekleri, Glütensiz Seçenekler, Helal",Mahmiye Restaurant
"Cevizli Mah. Tugay Yolu No:59 Cevizli, Maltepe, İstanbul Türkiye,İnternet sitesi,Menü","$$-$$$,Türk,Helal",Helal,291 yorum,+90 444 1 254,Türk,"4,0","Öğle Yemeği, Akşam Yemeği, Gece Eğlencesi",Donerci Ali Usta
"Kuloğlu Mah. Aga Külhani Sok. No: 12/A Çukurcuma, İstanbul 34433 Türkiye,İnternet sitesi,Menü","$$-$$$,Asya,Tayland,Vejetaryen Dostu","Asya, Tayland",114 yorum,+90 212 251 18 11,₺40 - ₺80,"4,5","Vejetaryen Dostu, Vegan Seçenekleri, Glütensiz Seçenekler",Az Çok Thai
"Nakkaştepe Yolu. Baba Nakkaş Sok. No: 56 Bağlarbaşı, Üsküdar, İstanbul Türkiye,İnternet sitesi,Menü","$$$$,Türk,Vegan Seçenekleri,Helal",Türk,165 yorum,+90 216 391 95 85,₺5 - ₺80,"4,5","Vegan Seçenekleri, Helal",Bridge Restaurant
"Hoca Paşa, Ebussuud Cd. No:9-2 Fatih, İstanbul 34110 Türkiye,İnternet sitesi","$$-$$$,Deniz Mahsülleri,Akdeniz,Türk","Deniz Mahsülleri, Akdeniz, Türk",32 yorum,+90 537 336 34 78,₺30 - ₺100,"5,0","Akşam Yemeği, Kahvaltı, Öğle Yemeği",Old Stone House
"Darüssade Sk. No:2 Hoca Paşa Mahallesi, İstanbul 34110 Türkiye,İnternet sitesi","$$-$$$,Türk",Türk,50 yorum,+90 534 795 71 50,₺49 - ₺120,"5,0","Kahvaltı, Öğle Yemeği, Akşam Yemeği, Brunch, Gece Eğlencesi, İçecekler",Efezade Restaurant
